"","cluster","gene","avg_expression"
"1","g13","KLK3",131.533311273567
"2","g13","MSMB",86.4837155816575
"3","g13","UBC",71.484792285236
"4","g13","ACPP",58.0997141544679
"5","g13","KLK2",51.3177934716406
"6","g13","MYL9",44.7081049140476
"7","g13","ACTB",41.1933131890916
"8","g13","ACTA2",40.6985898408445
"9","g13","B2M",33.7638449149697
"10","g13","TMSB4X",33.2126488116785
"11","g13","EEF2",27.472722338051
"12","g13","ACTG2",27.3336611142035
"13","g13","FLNA",27.0194330077856
"14","g13","TAGLN",26.9093930062408
"15","g13","TPM2",24.2883047872606
"16","g13","AZGP1",23.5487097935517
"17","g13","PABPC1",23.5154998856792
"18","g13","IGFBP7",21.8943016520569
"19","g13","ITM2B",20.3669931681427
"20","g13","TPM1",20.1784772909184
"21","g13","IGKC",20.1132433420593
"22","g13","EEF1G",19.9727932371242
"23","g13","UBA52",18.8912764928387
"24","g13","S100A6",16.6291413482347
"25","g13","FTL",16.3364231112291
"26","g13","RHOB",16.2033351567233
"27","g13","DES",15.6655302705204
"28","g13","FTH1",14.9936209586485
"29","g13","GSN",14.061122778313
"30","g13","CALD1",13.9172303250696
"31","g13","SERF2",13.8959914533325
"32","g13","LTBP4",13.6578729700778
"33","g13","XBP1",13.4954220225195
"34","g13","MYLK",13.4486764047346
"35","g13","PSAP",13.09066544747
"36","g13","HSPB1",12.2640417665468
"37","g13","PTMS",12.0994530352108
"38","g13","HSP90AB1",12.0685870527226
"39","g13","TIMP3",11.9340987414858
"40","g13","DCN",11.9071008251001
"41","g13","EIF4B",11.8020324644127
"42","g13","VEGFA",11.7265564449551
"43","g13","HSP90AA1",11.6396571819036
"44","g13","PTGDS",11.495713628937
"45","g13","NR4A1",11.4862608816595
"46","g13","PPDPF",11.4768545814582
"47","g13","CCNI",11.3884453056075
"48","g13","A2M",11.2163624601649
"49","g13","CIRBP",11.1454033389692
"50","g13","DDX5",11.0718016114135
"51","g13","TXNIP",10.9605530049263
"52","g13","NOP53",10.8558714281141
"53","g13","SPARC",10.8113411682614
"54","g13","CLU",10.6903423225219
"55","g13","CD74",10.6416162996226
"56","g13","SGK1",10.3759023594537
"57","g13","NBL1",10.3551309962676
"58","g13","CKB",10.2970162828179
"59","g13","FKBP5",10.2359063834846
"60","g13","RACK1",10.2298366436889
"61","g13","ADIRF",10.2138854942245
"62","g13","PFN1",9.95900191304124
"63","g13","COL1A2",9.9494878574477
"64","g13","VIM",9.92661698858627
"65","g13","CD81",9.49055220281312
"66","g13","RDH11",9.4541901133385
"67","g13","GLUL",9.30280905621949
"68","g13","FSTL1",9.2518758847404
"69","g13","IGHA1",9.1981266099782
"70","g13","SQSTM1",9.07090577031782
"71","g13","TSC22D3",9.04018004417214
"72","g13","CNN1",9.00873378899098
"73","g13","CEBPD",8.99665654679511
"74","g13","MT1X",8.99142183151368
"75","g13","DDX17",8.82081646876027
"76","g13","GABARAP",8.75004692522745
"77","g13","CD63",8.67525990614511
"78","g13","CAVIN1",8.56718321877556
"79","g13","HNRNPA2B1",8.43544079024145
"80","g13","CCN2",8.39918255494858
"81","g13","ZFAND5",8.38329454839624
"82","g13","HNRNPA3",8.33584834377013
"83","g13","CD99",8.30512774583515
"84","g13","SNRNP70",8.29889593331518
"85","g13","IFITM3",8.16616116777375
"86","g13","FBLN1",8.1537273863071
"87","g13","APP",8.1268652225207
"88","g13","NCAPD3",8.10686799813604
"89","g13","SLC45A3",8.10613062528117
"90","g13","UBB",8.06660602007828
"91","g13","OAZ1",8.03193754249538
"92","g13","HSPA8",7.97620586032461
"93","g13","KLK4",7.97009804236131
"94","g13","MGP",7.88942769719789
"95","g13","CPE",7.88522234608661
"96","g13","CHCHD2",7.73291108537008
"97","g13","MYH9",7.58438016510157
"98","g13","SYNPO2",7.56771276112126
"99","g13","MT2A",7.5194443713021
"100","g13","CRISPLD2",7.51468147452112
"101","g7","MYL9",137.851225918483
"102","g7","ACTA2",97.4836348021272
"103","g7","ACTG2",91.8774545057694
"104","g7","UBC",89.7580207773377
"105","g7","TAGLN",83.1406447670839
"106","g7","ACTB",74.1510449657278
"107","g7","FLNA",69.6801767317754
"108","g7","TPM2",64.7340597199177
"109","g7","TPM1",58.6334971571996
"110","g7","MYLK",49.5045999149532
"111","g7","DES",38.6897613752658
"112","g7","KLK3",38.1015808619392
"113","g7","MSMB",37.9138684153172
"114","g7","TMSB4X",33.1455360606752
"115","g7","EEF2",32.8899349883853
"116","g7","CALD1",30.0096062312556
"117","g7","CNN1",26.6296114308244
"118","g7","SYNPO2",23.9764811533865
"119","g7","RHOB",23.2924977320605
"120","g7","B2M",22.3031053204025
"121","g7","HSPB1",21.7258659530704
"122","g7","ACPP",21.7207006169663
"123","g7","SYNM",21.6634010095737
"124","g7","GSN",20.5584276573322
"125","g7","PABPC1",18.6356144486381
"126","g7","CLU",18.3002656890957
"127","g7","UBA52",17.5111769422438
"128","g7","ITM2B",17.4851255409673
"129","g7","IGFBP7",16.0136025477701
"130","g7","KLK2",15.669346825261
"131","g7","FTH1",15.4427594822123
"132","g7","EEF1G",15.3076671957018
"133","g7","CCNI",14.8879178618242
"134","g7","PFN1",14.524296333387
"135","g7","S100A6",14.3962041382429
"136","g7","TNS1",14.1797329248661
"137","g7","FTL",14.0136543854296
"138","g7","CAVIN1",13.9290225674173
"139","g7","SORBS1",13.677006497214
"140","g7","SPARCL1",12.7673635956915
"141","g7","FBLN1",12.7654774914363
"142","g7","IGFBP5",12.4394522824562
"143","g7","FOS",12.3354227737672
"144","g7","EIF4B",12.2124560755762
"145","g7","MGP",12.2099973886285
"146","g7","SMTN",12.2058995231227
"147","g7","PSAP",12.1945368637786
"148","g7","SERF2",12.0754458889018
"149","g7","COL1A2",11.8439215743102
"150","g7","PTMS",11.843731298585
"151","g7","DDX5",11.8028135336242
"152","g7","SQSTM1",11.6330329708732
"153","g7","CD81",11.5824981724891
"154","g7","PCP4",11.4532233074734
"155","g7","COL6A2",11.3183963711793
"156","g7","PPP1R12B",11.2679468066526
"157","g7","CST3",11.1622652933018
"158","g7","IGKC",11.125078662765
"159","g7","DCN",10.9588858282138
"160","g7","TXNIP",10.698385679581
"161","g7","VIM",10.4337912708488
"162","g7","CD99",10.265260400955
"163","g7","CIRBP",10.0227343534361
"164","g7","LTBP4",9.98926830877162
"165","g7","GLUL",9.6030265343552
"166","g7","CEBPD",9.44871918744703
"167","g7","XBP1",9.35348618320238
"168","g7","TLE5",9.35074701023409
"169","g7","UQCRB",9.25468265428391
"170","g7","PTGDS",9.2502306605599
"171","g7","NOP53",9.05409781356146
"172","g7","PPDPF",8.92527203992202
"173","g7","CD63",8.77678002735039
"174","g7","MXRA7",8.74206850226518
"175","g7","CKB",8.6512976632514
"176","g7","CD74",8.64761215133277
"177","g7","TIMP3",8.61325813426977
"178","g7","SPARC",8.57065906201335
"179","g7","HNRNPA3",8.54236415726772
"180","g7","ACTN1",8.4931320016529
"181","g7","NR4A1",8.37035383752137
"182","g7","RACK1",8.21302067436804
"183","g7","RHOA",8.2023960461489
"184","g7","EIF4A2",8.17902365624772
"185","g7","FN1",8.16313042763076
"186","g7","DDX17",8.1188707453577
"187","g7","HSP90AB1",8.0330259612852
"188","g7","AZGP1",7.98147812707497
"189","g7","FSTL1",7.91006533956044
"190","g7","C1R",7.86177500288296
"191","g7","PDLIM7",7.79466103664275
"192","g7","COX7C",7.6960500755452
"193","g7","BTG2",7.68605200237526
"194","g7","HSP90AA1",7.64822198294654
"195","g7","AEBP1",7.57325237951521
"196","g7","CNBP",7.5695075540265
"197","g7","PAGE4",7.52722823897473
"198","g7","UBB",7.4956141588191
"199","g7","COL6A1",7.49172952375366
"200","g7","HNRNPDL",7.49116287045472
"201","g12","UBC",71.2857770215401
"202","g12","TMSB4X",42.4662970565323
"203","g12","ACTB",41.2780311707789
"204","g12","MYL9",34.09717134486
"205","g12","ACTA2",31.6410258999989
"206","g12","B2M",31.1828684053631
"207","g12","EEF2",29.7869860349118
"208","g12","TAGLN",26.220662920226
"209","g12","PABPC1",25.3049264627369
"210","g12","ITM2B",22.3538402383313
"211","g12","FLNA",21.8369008754548
"212","g12","S100A6",20.9852151256815
"213","g12","EEF1G",20.6740013508206
"214","g12","CD74",19.3592702621871
"215","g12","UBA52",19.0459290182539
"216","g12","IGKC",18.7088165982714
"217","g12","FTH1",18.2800911059362
"218","g12","FTL",17.9978657948743
"219","g12","LTF",17.5225875981311
"220","g12","TPM1",17.2880880657697
"221","g12","TPM2",17.2106657926218
"222","g12","ACTG2",17.0043341701244
"223","g12","XBP1",16.9242124881091
"224","g12","RHOB",15.9223936720808
"225","g12","CEBPD",15.8183398923616
"226","g12","KRT15",15.4450435278109
"227","g12","MGP",15.257418287034
"228","g12","KRT7",13.8436667531496
"229","g12","EIF4B",13.5954209345578
"230","g12","HSPB1",13.0384176335937
"231","g12","PSAP",12.7091665259884
"232","g12","GLUL",12.6933449294585
"233","g12","NOP53",12.4458457425996
"234","g12","SERF2",12.2823300200937
"235","g12","IGFBP7",12.2378671700324
"236","g12","CCNI",12.171587253433
"237","g12","AZGP1",12.1155208717784
"238","g12","CLU",11.956909854964
"239","g12","APP",11.6585615107989
"240","g12","CIRBP",11.6321792743929
"241","g12","RACK1",11.4922313420167
"242","g12","CD81",11.4217704868113
"243","g12","DDX5",11.294700427604
"244","g12","FOS",11.2250812067981
"245","g12","A2M",11.1736527564051
"246","g12","GSN",11.0783233605071
"247","g12","SQSTM1",11.05702905937
"248","g12","KLK3",11.0550150101008
"249","g12","MT2A",10.9828303047337
"250","g12","MYLK",10.9569004271309
"251","g12","PFN1",10.892183655869
"252","g12","CALD1",10.8002705799195
"253","g12","TXNIP",10.6684356986121
"254","g12","WFDC2",10.5720717279879
"255","g12","CD63",10.4675762485228
"256","g12","HSP90AA1",10.34737464097
"257","g12","DDX17",10.3348369126698
"258","g12","PPDPF",10.3140984930704
"259","g12","VIM",10.2889772387502
"260","g12","IFITM3",10.1863288238206
"261","g12","SOD2",10.061097830189
"262","g12","NPC2",9.82297803655751
"263","g12","OAZ1",9.72873342830523
"264","g12","ZFP36L1",9.72580506725228
"265","g12","HSP90AB1",9.52073209070724
"266","g12","MYH9",9.50708872749818
"267","g12","IGFBP5",9.38245422951999
"268","g12","HLA-DRA",9.26988315014385
"269","g12","GABARAP",9.25911033668755
"270","g12","FBLN1",9.14605056015002
"271","g12","COL1A2",9.07354385311237
"272","g12","NFIB",9.05969211423005
"273","g12","CTSB",8.84605405468085
"274","g12","C1R",8.71652086133702
"275","g12","TSC22D1",8.67698330823277
"276","g12","CD99",8.50670289570345
"277","g12","PTMS",8.49378560637438
"278","g12","ZFP36L2",8.27190232487078
"279","g12","RHOA",8.25922307002788
"280","g12","HNRNPA2B1",8.24601923974759
"281","g12","MT1X",8.13027467085786
"282","g12","TGM2",8.09966921242934
"283","g12","DUSP1",8.07394321125332
"284","g12","DES",8.02643724428854
"285","g12","TOB1",8.02611178740801
"286","g12","HNRNPDL",7.90883225560029
"287","g12","TSC22D3",7.86246832278829
"288","g12","ZFAND5",7.82434683073063
"289","g12","HNRNPA3",7.82356882857364
"290","g12","CTNNB1",7.67108342940932
"291","g12","TLE5",7.65801350674196
"292","g12","GNAS",7.54798954955057
"293","g12","SRRM2",7.51023635515584
"294","g12","SAT1",7.48521671933476
"295","g12","TFCP2L1",7.46759801363324
"296","g12","LTBP4",7.44938931688153
"297","g12","MSMB",7.44907492599483
"298","g12","SNRNP70",7.43855845417139
"299","g12","CLDN4",7.38913621161811
"300","g12","ANXA2",7.35304020917546
"301","g16","MSMB",281.555953026352
"302","g16","KLK3",259.631980420546
"303","g16","ACPP",145.485207824533
"304","g16","KLK2",100.980708665039
"305","g16","UBC",65.2652032055419
"306","g16","B2M",39.0207170278913
"307","g16","AZGP1",35.288847652594
"308","g16","VEGFA",33.8968606294591
"309","g16","ACTB",29.6656672365451
"310","g16","MYL9",27.3434028924657
"311","g16","ITM2B",25.5144102194473
"312","g16","RDH11",23.2520976848848
"313","g16","EEF2",23.0611251127709
"314","g16","XBP1",21.3606552781428
"315","g16","ACTA2",20.4557884713859
"316","g16","NPY",20.3687001976383
"317","g16","PABPC1",19.2328739861091
"318","g16","RHOB",18.6836931014299
"319","g16","SERF2",18.642702040166
"320","g16","ACTG2",17.310593392695
"321","g16","EEF1G",16.8613634580491
"322","g16","SLC45A3",16.6586248272803
"323","g16","TMSB4X",16.5614826050915
"324","g16","TXNIP",16.234093023547
"325","g16","UBA52",16.1592983157651
"326","g16","TAGLN",15.5262795762419
"327","g16","KRT15",15.2161480857199
"328","g16","TPM1",15.122084460192
"329","g16","FKBP5",14.9220705358767
"330","g16","FOS",14.8075488734206
"331","g16","NEFH",14.7365258600056
"332","g16","SGK1",14.4530272641335
"333","g16","NR4A1",14.0991264944885
"334","g16","TPM2",14.0879878685995
"335","g16","NCAPD3",13.912929830933
"336","g16","FLNA",13.6934337452909
"337","g16","FTH1",13.6128986807747
"338","g16","HSP90AA1",13.3670438956831
"339","g16","PPDPF",13.1306937141074
"340","g16","DDX5",12.8159299958473
"341","g16","PTMS",12.6404608678726
"342","g16","PSAP",12.4119005681644
"343","g16","TSC22D3",12.3561558357526
"344","g16","FTL",12.0039537662792
"345","g16","DBI",11.8697692966307
"346","g16","CPE",11.7925672195286
"347","g16","PLPP1",11.5145815938136
"348","g16","CD9",11.2577658550076
"349","g16","HSP90AB1",10.8435022807059
"350","g16","STEAP2",10.6413305871094
"351","g16","KLK4",10.4517767193385
"352","g16","NBL1",10.4074011190013
"353","g16","FASN",10.2977654302377
"354","g16","CIRBP",10.2640938075627
"355","g16","CCNI",10.2111478960793
"356","g16","CRISPLD2",10.1280993803319
"357","g16","TMBIM6",9.87536825265711
"358","g16","NKX3-1",9.83456091197624
"359","g16","MT2A",9.82927619287679
"360","g16","SQSTM1",9.80398763829903
"361","g16","HERPUD1",9.75460630486609
"362","g16","HSPA8",9.61888987652614
"363","g16","DUSP1",9.21548619378665
"364","g16","MYLK",9.16237280724906
"365","g16","HSPB1",9.1399175761795
"366","g16","DDX17",9.04371308377488
"367","g16","RACK1",9.03933179366162
"368","g16","EIF4B",8.98581426200825
"369","g16","DDIT4",8.88334558165449
"370","g16","SRSF5",8.86602636224175
"371","g16","TMED2",8.84464446784805
"372","g16","SNRNP70",8.82686215356188
"373","g16","HDLBP",8.76436672968056
"374","g16","SEC11C",8.7336064013318
"375","g16","CHCHD2",8.73312360152873
"376","g16","CKB",8.72714834696082
"377","g16","HNRNPA2B1",8.47418535487666
"378","g16","ADIRF",8.45091037804129
"379","g16","NOP53",8.43670690535502
"380","g16","GLUL",8.40679479950625
"381","g16","CEBPD",8.28597580051061
"382","g16","PFN1",8.23647784716874
"383","g16","SRRM2",8.17906835009899
"384","g16","IGFBP7",8.14259405828328
"385","g16","CD81",8.0797880844946
"386","g16","AMD1",8.00880572669695
"387","g16","TMEM59",7.89692289569865
"388","g16","GREB1",7.88088070360851
"389","g16","ARF1",7.83159581393085
"390","g16","GSN",7.8100102097341
"391","g16","CD99",7.80117188527262
"392","g16","CALD1",7.78605802702243
"393","g16","CALR",7.64624906357009
"394","g16","GABARAP",7.60913587605531
"395","g16","SPINT2",7.57795111076117
"396","g16","CST3",7.55794588463008
"397","g16","FOXA1",7.53089221530493
"398","g16","GNAS",7.47670073417053
"399","g16","CD63",7.45615142485128
"400","g16","HNRNPA3",7.4542748599796
"401","g15","MYL9",90.1703917552441
"402","g15","UBC",85.0227364300919
"403","g15","MSMB",77.8506181554577
"404","g15","KLK3",73.1967803619136
"405","g15","ACTA2",69.7671703439718
"406","g15","ACTG2",59.203088526398
"407","g15","ACTB",56.8910149774833
"408","g15","TAGLN",55.3300806494721
"409","g15","TPM2",54.4940436434496
"410","g15","FLNA",45.9048624333543
"411","g15","TPM1",42.7954899591376
"412","g15","ACPP",40.5346014253935
"413","g15","TMSB4X",32.4071418457521
"414","g15","EEF2",30.9409627778424
"415","g15","KLK2",29.7929116829599
"416","g15","MYLK",29.308153820005
"417","g15","B2M",25.6852260704725
"418","g15","DES",24.6718798655602
"419","g15","PABPC1",21.1465574730522
"420","g15","CALD1",20.6501636461795
"421","g15","RHOB",20.4063380072777
"422","g15","IGKC",20.2451367121728
"423","g15","ITM2B",19.2979776598054
"424","g15","GSN",19.0220388384895
"425","g15","IGFBP7",17.8952273778007
"426","g15","UBA52",17.5015941475317
"427","g15","HSPB1",16.7445589900822
"428","g15","FTL",16.2633987732834
"429","g15","FTH1",16.2430690530367
"430","g15","EEF1G",16.0780115842003
"431","g15","SYNPO2",15.8426029831596
"432","g15","CNN1",15.1961423699614
"433","g15","CLU",14.617290549078
"434","g15","CCNI",14.1788329216492
"435","g15","S100A6",13.7138652425205
"436","g15","TXNIP",13.3376013933992
"437","g15","SERF2",13.1220280794708
"438","g15","AZGP1",13.0579209434948
"439","g15","PFN1",12.926890724189
"440","g15","SYNM",12.5911257336538
"441","g15","FBLN1",12.3616636679668
"442","g15","XBP1",12.2223872817415
"443","g15","PSAP",12.045178933467
"444","g15","EIF4B",12.0183080613644
"445","g15","CIRBP",11.6492232942236
"446","g15","FOS",11.6391227528421
"447","g15","SPARCL1",11.4037336524546
"448","g15","IGFBP5",11.0936093623521
"449","g15","CAVIN1",10.9947744535691
"450","g15","VEGFA",10.87829752355
"451","g15","PTMS",10.8042699113493
"452","g15","DCN",10.6556389660743
"453","g15","CD99",10.6279974049796
"454","g15","CST3",10.6231284761784
"455","g15","CD81",10.4017261915014
"456","g15","DDX5",10.3928739021469
"457","g15","HSP90AB1",10.2368282994194
"458","g15","SPARC",10.1896403370925
"459","g15","SQSTM1",10.0697166443336
"460","g15","NR4A1",9.96343863425422
"461","g15","COL1A2",9.91357494697701
"462","g15","LTBP4",9.86100431693681
"463","g15","KRT15",9.8039366420581
"464","g15","NOP53",9.77776423704193
"465","g15","VIM",9.76756245392999
"466","g15","TIMP3",9.65975425000388
"467","g15","CD74",9.54185057828462
"468","g15","MGP",9.52395257007718
"469","g15","CEBPD",9.44299608816032
"470","g15","TSC22D3",9.41034664201898
"471","g15","COL6A2",9.38537272157031
"472","g15","SORBS1",9.28904552121142
"473","g15","RACK1",9.23133211262435
"474","g15","TNS1",9.1691556572442
"475","g15","PPDPF",9.12652531411422
"476","g15","HSP90AA1",8.9740169863788
"477","g15","PCP4",8.96286499036462
"478","g15","UQCRB",8.88462519456461
"479","g15","GLUL",8.85586015227874
"480","g15","PAGE4",8.76165873365001
"481","g15","CD63",8.7544287674847
"482","g15","TLE5",8.71635872623494
"483","g15","IFITM3",8.55271540219617
"484","g15","IGHA1",8.46705946597701
"485","g15","HNRNPA3",8.45377442168438
"486","g15","DDX17",8.34877832034979
"487","g15","FKBP5",8.29581749099667
"488","g15","ZFAND5",8.28410892490596
"489","g15","CRISPLD2",8.21418539338558
"490","g15","NBL1",8.18999453412923
"491","g15","GABARAP",8.16663874534446
"492","g15","PTGDS",8.13615493976913
"493","g15","FSTL1",8.11364477154375
"494","g15","MT2A",7.87137548415935
"495","g15","SGK1",7.84646261434523
"496","g15","AHNAK",7.81133725136929
"497","g15","SMTN",7.76186021628989
"498","g15","DUSP1",7.67728967710665
"499","g15","EIF4A2",7.64414768220709
"500","g15","OAZ1",7.62808450756571
"501","g1","MYL9",104.962177437066
"502","g1","ACTA2",98.715591287389
"503","g1","UBC",85.1311521651116
"504","g1","ACTB",74.7064393532021
"505","g1","TAGLN",72.8787865290484
"506","g1","FLNA",66.2772016229294
"507","g1","ACTG2",64.5151598633357
"508","g1","TPM2",59.6784932450973
"509","g1","TPM1",44.8602595029855
"510","g1","DES",44.4939351462113
"511","g1","TMSB4X",42.8294185860928
"512","g1","IGFBP7",32.7780602742602
"513","g1","MYLK",31.2759268795697
"514","g1","EEF2",30.2673087765191
"515","g1","CALD1",29.5513153319653
"516","g1","IGKC",26.4925108887721
"517","g1","B2M",25.7040248419405
"518","g1","KLK3",25.3415140014392
"519","g1","CLU",23.4053127539038
"520","g1","CNN1",23.309658507188
"521","g1","GSN",22.1392472303621
"522","g1","S100A6",21.0933222153349
"523","g1","HSPB1",20.5685597493712
"524","g1","PABPC1",18.552438077064
"525","g1","RHOB",18.491844713293
"526","g1","SPARC",18.2019871468544
"527","g1","SYNPO2",17.8825848974794
"528","g1","MGP",17.6560941410061
"529","g1","ITM2B",17.6049908978035
"530","g1","LTBP4",17.5917082906391
"531","g1","DCN",16.7100970990785
"532","g1","UBA52",16.6237974891019
"533","g1","FTL",16.5154961501505
"534","g1","A2M",16.390445648161
"535","g1","CCN2",16.3415292040014
"536","g1","COL1A2",16.0002073953543
"537","g1","MSMB",15.7163209852567
"538","g1","TIMP3",15.2491339254416
"539","g1","CAVIN1",14.8927076685412
"540","g1","PFN1",14.3180094432991
"541","g1","AEBP1",14.0450029416465
"542","g1","PTGDS",14.0003668812095
"543","g1","EEF1G",13.9517934835977
"544","g1","PSAP",13.6847795993172
"545","g1","C1R",13.624498254488
"546","g1","CCNI",13.4197151714717
"547","g1","FTH1",13.3149607608795
"548","g1","FSTL1",13.147293725353
"549","g1","IGHA1",13.0477409534671
"550","g1","CD81",12.9050185823575
"551","g1","FBLN1",12.8319662702643
"552","g1","SORBS1",11.8618982394453
"553","g1","TNS1",11.5134432253331
"554","g1","VIM",11.4313107224454
"555","g1","SPARCL1",11.2699549787316
"556","g1","DDX5",11.071265668659
"557","g1","MAP1B",10.8959053698104
"558","g1","MXRA7",10.8949744986135
"559","g1","CD74",10.8878570453495
"560","g1","ACPP",10.8585328476783
"561","g1","SERF2",10.7863496350018
"562","g1","ACTN1",10.5840431236413
"563","g1","CD63",10.5688693818669
"564","g1","COL6A2",10.4752234664699
"565","g1","IFITM3",10.2696119247509
"566","g1","TIMP2",10.2243056297006
"567","g1","PPP1R12B",10.1568269331775
"568","g1","EIF4B",10.0842436039464
"569","g1","CD99",10.042851413872
"570","g1","CIRBP",9.99672656273995
"571","g1","KLK2",9.96995772905313
"572","g1","PAGE4",9.87503787945861
"573","g1","PTMS",9.86643156147994
"574","g1","SYNM",9.70222802298972
"575","g1","LUM",9.67876470307148
"576","g1","NBL1",9.65036523921131
"577","g1","TCEAL4",9.61106190247998
"578","g1","PPDPF",9.58051233425345
"579","g1","IGFBP6",9.53279063508858
"580","g1","MYH9",9.4788270205143
"581","g1","HSP90AA1",9.46047743044748
"582","g1","SQSTM1",9.446747602676
"583","g1","HSP90AB1",9.36409106374436
"584","g1","CST3",9.17392919445407
"585","g1","APP",8.86078083039964
"586","g1","SMTN",8.79118918519391
"587","g1","GLUL",8.65436525742488
"588","g1","RHOA",8.58424684691327
"589","g1","PALLD",8.58395940114952
"590","g1","GABARAP",8.53801592247608
"591","g1","DSTN",8.48460961063044
"592","g1","NOP53",8.47728073290466
"593","g1","DDX17",8.42775860430437
"594","g1","ITGB1",8.3916526895246
"595","g1","OAZ1",8.17343933008451
"596","g1","TXNIP",8.060957168646
"597","g1","RACK1",7.99747341447982
"598","g1","UQCRB",7.9872692199996
"599","g1","UBB",7.96771575556765
"600","g1","EIF4A2",7.91348468461699
"601","g8","MSMB",171.383553671489
"602","g8","KLK3",163.334572371485
"603","g8","UBC",81.2382068087982
"604","g8","ACPP",81.1632112579193
"605","g8","KLK2",67.0128546944226
"606","g8","MYL9",57.3307855217208
"607","g8","ACTB",44.4766376170194
"608","g8","ACTA2",43.580012860323
"609","g8","ACTG2",38.1229933838723
"610","g8","B2M",32.6803635764478
"611","g8","TAGLN",32.6167572755804
"612","g8","TPM2",29.6984584247675
"613","g8","TPM1",28.4752262011648
"614","g8","FLNA",27.7244434800355
"615","g8","EEF2",27.408003369287
"616","g8","ITM2B",23.8822218999679
"617","g8","TMSB4X",23.2579369106216
"618","g8","AZGP1",22.2178216082026
"619","g8","VEGFA",21.4397213715165
"620","g8","PABPC1",20.7733071811221
"621","g8","RHOB",19.9661555433558
"622","g8","MYLK",19.8629320167614
"623","g8","EEF1G",18.7465415678381
"624","g8","UBA52",17.4898343215261
"625","g8","SERF2",16.2218474256023
"626","g8","XBP1",15.8068012789516
"627","g8","TXNIP",15.4086137777308
"628","g8","FTH1",15.0926159101765
"629","g8","FTL",14.0260279091542
"630","g8","CALD1",13.8562710893073
"631","g8","IGFBP7",13.7350854438243
"632","g8","DES",13.5917934321204
"633","g8","FKBP5",13.4659271010005
"634","g8","GSN",13.4274046972365
"635","g8","HSPB1",12.9395155617428
"636","g8","KRT15",12.9009284878707
"637","g8","FOS",12.7412586936291
"638","g8","RDH11",12.6367518897006
"639","g8","NR4A1",12.6253309152714
"640","g8","NPY",12.519572624049
"641","g8","CCNI",12.062186699198
"642","g8","PPDPF",11.9682622174093
"643","g8","PTMS",11.6620473430682
"644","g8","SGK1",11.5226437940875
"645","g8","HSP90AA1",11.5009376700424
"646","g8","DDX5",11.4572907127911
"647","g8","TSC22D3",11.0276310261134
"648","g8","CIRBP",10.9597533205955
"649","g8","EIF4B",10.7825508284108
"650","g8","PSAP",10.697897023426
"651","g8","MT2A",10.4042864811812
"652","g8","CNN1",10.3471190109206
"653","g8","PFN1",10.2922636057758
"654","g8","SYNPO2",10.1877724647211
"655","g8","RACK1",10.0833329158933
"656","g8","VIM",9.88377588497416
"657","g8","NOP53",9.82729872139427
"658","g8","HSP90AB1",9.74111038143557
"659","g8","S100A6",9.67661819483946
"660","g8","SQSTM1",9.67601960446582
"661","g8","CD81",9.64587623549371
"662","g8","SLC45A3",9.64055445754269
"663","g8","DDX17",9.38428266667666
"664","g8","CD99",9.11676740408525
"665","g8","IGKC",9.02653350498493
"666","g8","IGFBP5",8.96908654981806
"667","g8","CST3",8.90794832595435
"668","g8","DUSP1",8.84894325644041
"669","g8","SNRNP70",8.84040313375904
"670","g8","FBLN1",8.83332329210347
"671","g8","GLUL",8.83136643435015
"672","g8","PLPP1",8.7729977680093
"673","g8","NBL1",8.76473512038035
"674","g8","CEBPD",8.76262587023824
"675","g8","NCAPD3",8.66589409363025
"676","g8","CPE",8.65883539196416
"677","g8","DDIT4",8.61130422809752
"678","g8","CKB",8.48373966013589
"679","g8","HNRNPA2B1",8.44264664550823
"680","g8","SPARCL1",8.32719320745734
"681","g8","CLU",8.25748031431595
"682","g8","GABARAP",8.2404180008801
"683","g8","HSPA8",8.14713722005873
"684","g8","CRISPLD2",8.11956025951466
"685","g8","TMBIM6",8.10660713027876
"686","g8","TIMP3",8.06139878583357
"687","g8","SRSF5",7.96566756705421
"688","g8","CAVIN1",7.90600917060281
"689","g8","DBI",7.89923726948978
"690","g8","HERPUD1",7.86321316678378
"691","g8","CD9",7.85143877033854
"692","g8","TMED2",7.84471536973356
"693","g8","CHCHD2",7.81671034274688
"694","g8","SYNM",7.78239335111071
"695","g8","ADIRF",7.76541243862432
"696","g8","NKX3-1",7.72721625669492
"697","g8","TLE5",7.69920594510082
"698","g8","HNRNPA3",7.63904250736249
"699","g8","APP",7.6173416606411
"700","g8","EIF4A2",7.58372061659821
"701","g5","MYL9",177.141124825256
"702","g5","ACTA2",122.895685934551
"703","g5","ACTG2",114.575411436032
"704","g5","TAGLN",106.355199173207
"705","g5","ACTB",89.938856514865
"706","g5","UBC",88.5118386164892
"707","g5","FLNA",86.472230937712
"708","g5","TPM2",76.2707473147035
"709","g5","TPM1",70.3692597473661
"710","g5","MYLK",58.7122394708886
"711","g5","DES",48.2660729393142
"712","g5","CALD1",35.3570008034996
"713","g5","CNN1",33.8765014813537
"714","g5","EEF2",33.4608305535511
"715","g5","TMSB4X",29.0605517466503
"716","g5","SYNPO2",28.7860827924821
"717","g5","RHOB",26.5969398116477
"718","g5","CLU",23.0338903878793
"719","g5","HSPB1",22.8717596568552
"720","g5","SYNM",22.8597700513801
"721","g5","GSN",21.1649920663363
"722","g5","B2M",20.501699132971
"723","g5","SORBS1",17.664663625833
"724","g5","SMTN",17.0605877826117
"725","g5","PABPC1",16.937741905907
"726","g5","PFN1",15.8425618379283
"727","g5","IGFBP7",15.7944518895132
"728","g5","CCNI",15.757533261756
"729","g5","TNS1",15.728392260847
"730","g5","UBA52",15.3921086622395
"731","g5","KLK3",15.2509539006429
"732","g5","CAVIN1",15.2388033446061
"733","g5","SPARCL1",14.8395737748955
"734","g5","ITM2B",14.7748321032618
"735","g5","PCP4",14.5919369530203
"736","g5","MGP",14.0353092428358
"737","g5","EEF1G",13.9333250249563
"738","g5","FTL",13.3349163927151
"739","g5","S100A6",13.2388235355463
"740","g5","FTH1",13.1924337972761
"741","g5","MSMB",13.1572998710325
"742","g5","PPP1R12B",13.032287058
"743","g5","FBLN1",12.6551401872068
"744","g5","COL6A2",12.3656528421391
"745","g5","PTMS",11.8606460248361
"746","g5","CD81",11.8605239298766
"747","g5","EIF4B",11.7867159966794
"748","g5","PSAP",11.4904517805056
"749","g5","SQSTM1",11.304510730163
"750","g5","COL1A2",11.1328409348082
"751","g5","ACTN1",10.9975989111184
"752","g5","CD99",10.8791229765885
"753","g5","DDX5",10.7453377686033
"754","g5","DCN",10.5449462055474
"755","g5","C1R",10.2800185457641
"756","g5","LTBP4",10.2315717973893
"757","g5","SERF2",10.2092321609145
"758","g5","PDLIM7",10.1566471854463
"759","g5","LMOD1",9.93969239660812
"760","g5","CD63",9.79215856380384
"761","g5","TIMP2",9.74946099770872
"762","g5","TIMP3",9.71547306150247
"763","g5","CIRBP",9.67875725287043
"764","g5","CKB",9.65590273926876
"765","g5","CST3",9.57541723859365
"766","g5","DSTN",9.52461898420289
"767","g5","AEBP1",9.46564762996623
"768","g5","IFITM3",9.42070078252353
"769","g5","FSTL1",9.40687753701501
"770","g5","PTGDS",9.36539087368677
"771","g5","MXRA7",9.36310402165341
"772","g5","TLE5",9.05089454749701
"773","g5","IGFBP5",9.00870679549515
"774","g5","SPARC",9.00368157395694
"775","g5","VIM",8.94127103976031
"776","g5","PALLD",8.93318271872092
"777","g5","TCEAL4",8.81606321296132
"778","g5","ACPP",8.75876212370897
"779","g5","SVIL",8.7157102378235
"780","g5","EIF4A2",8.56278001593671
"781","g5","COL6A1",8.5397672330975
"782","g5","UQCRB",8.50515749075848
"783","g5","NOP53",8.47570344866401
"784","g5","CEBPD",8.34964647157888
"785","g5","RBPMS",8.30545471824419
"786","g5","COX7C",8.28511135903919
"787","g5","AHNAK",8.1880261856239
"788","g5","PPDPF",8.10599055207892
"789","g5","LIMS2",8.04435437750594
"790","g5","PAGE4",8.01321838433016
"791","g5","MAP1B",7.93312836500462
"792","g5","IGKC",7.91341823218528
"793","g5","DDX17",7.87137936144276
"794","g5","DPYSL3",7.84772609895597
"795","g5","TOMM7",7.78697393417605
"796","g5","RHOA",7.77781264639424
"797","g5","UBB",7.7740995998387
"798","g5","HSP90AA1",7.76784614145945
"799","g5","FN1",7.75945000955375
"800","g5","GLUL",7.63954929691951
"801","g3","UBC",103.777756178651
"802","g3","MYL9",103.612254019277
"803","g3","ACTA2",77.0016198166412
"804","g3","TAGLN",69.8276718689503
"805","g3","ACTB",66.4524214677779
"806","g3","ACTG2",62.6582777065213
"807","g3","FLNA",58.8243568758508
"808","g3","TPM2",50.64320250693
"809","g3","TPM1",43.9288907899384
"810","g3","TMSB4X",39.3175570620825
"811","g3","MYLK",35.843301158558
"812","g3","GSN",31.8662869455149
"813","g3","DES",31.4753289697712
"814","g3","EEF2",29.6983403314104
"815","g3","RHOB",27.1615798248718
"816","g3","CALD1",26.5204680422869
"817","g3","MGP",24.8275011799551
"818","g3","CLU",24.1971207533132
"819","g3","HSPB1",22.1908843279679
"820","g3","IGFBP5",21.5970457583832
"821","g3","CNN1",21.0270803254607
"822","g3","B2M",20.4866001655828
"823","g3","SYNPO2",20.2948903339929
"824","g3","FBLN1",19.9950669254773
"825","g3","S100A6",19.6279622330079
"826","g3","COL1A2",18.8810707846121
"827","g3","ITM2B",18.7024183614375
"828","g3","DCN",18.6647206503893
"829","g3","SPARCL1",17.8641262226663
"830","g3","UBA52",15.906322661383
"831","g3","FTL",15.0160056463334
"832","g3","NR4A1",14.9654876195415
"833","g3","PABPC1",14.5770770849275
"834","g3","VIM",14.5249871404164
"835","g3","TNNT1",14.5052638530943
"836","g3","PSAP",14.423535903017
"837","g3","CAVIN1",14.2838405511338
"838","g3","MT2A",14.0521226881947
"839","g3","COL6A2",13.7021438693804
"840","g3","EEF1G",13.4195613387221
"841","g3","IGFBP7",13.3474992542575
"842","g3","KLK3",13.3306295159419
"843","g3","LTBP4",13.121178189035
"844","g3","TIMP2",13.1135388170967
"845","g3","CCNI",12.9743530078049
"846","g3","FN1",12.9642381722535
"847","g3","C1R",12.9246610854356
"848","g3","PFN1",12.8371712299115
"849","g3","FTH1",12.8047546801052
"850","g3","SYNM",12.770785260363
"851","g3","DDX5",12.3834223285999
"852","g3","SORBS1",12.3461827366859
"853","g3","SPARC",12.2876952574566
"854","g3","SQSTM1",12.2546498993071
"855","g3","CST3",11.8798893288594
"856","g3","FOS",11.8721134436454
"857","g3","TNS1",11.8559413790995
"858","g3","MSMB",11.851490162207
"859","g3","BTG2",11.8407455938702
"860","g3","SERF2",11.7921105163251
"861","g3","EIF4B",11.467391478056
"862","g3","COL6A1",11.2445742329841
"863","g3","TNNC1",11.097924172803
"864","g3","JUNB",11.0924375490187
"865","g3","ADAMTS1",11.039608836748
"866","g3","MYL1",10.8843000688638
"867","g3","CD81",10.6940631372629
"868","g3","AEBP1",10.4579965514794
"869","g3","IGFBP6",10.45514631902
"870","g3","CEBPD",10.2768536280974
"871","g3","CRYAB",10.275118201607
"872","g3","TIMP3",10.2700311039124
"873","g3","PPP1R12B",10.2227780200732
"874","g3","CD63",10.0929942301722
"875","g3","CD99",10.0563399683037
"876","g3","CRISPLD2",9.84513978259685
"877","g3","PTMS",9.63683169954286
"878","g3","DUSP1",9.49903802166128
"879","g3","COL6A3",9.46693174624015
"880","g3","FSTL1",9.3435306785553
"881","g3","IFITM3",9.19898851329578
"882","g3","MB",9.17061342657512
"883","g3","AHNAK",9.16882694488911
"884","g3","ACTC1",9.12962759001423
"885","g3","CCN2",9.01757126883836
"886","g3","SMTN",8.88216992665185
"887","g3","MXRA7",8.79024281948587
"888","g3","EGR1",8.7558396140265
"889","g3","HSP90AA1",8.73750409800462
"890","g3","TLE5",8.69278109915989
"891","g3","SERPINF1",8.6658063194662
"892","g3","HSPB6",8.66500046276426
"893","g3","MYL2",8.64849406417513
"894","g3","CIRBP",8.6226845519889
"895","g3","C11orf96",8.60665907545444
"896","g3","TTN",8.55895338060715
"897","g3","ZFAND5",8.50260025938215
"898","g3","RHOA",8.39114053601735
"899","g3","TCEAL4",8.31339688172917
"900","g3","TXNIP",8.29929464033102
"901","g0","MYL9",201.1825232573
"902","g0","ACTG2",146.047608270371
"903","g0","ACTA2",126.463547210775
"904","g0","TAGLN",116.200690796289
"905","g0","ACTB",98.1533634671956
"906","g0","UBC",95.8311459060497
"907","g0","FLNA",94.1884646018009
"908","g0","TPM2",86.2572866218028
"909","g0","TPM1",83.5429108668283
"910","g0","MYLK",76.9091141418584
"911","g0","DES",51.2435184327557
"912","g0","CALD1",46.2025680841108
"913","g0","CNN1",41.2170051381058
"914","g0","SYNPO2",36.8533809990655
"915","g0","EEF2",34.5376191152872
"916","g0","SYNM",31.3014567788323
"917","g0","RHOB",26.3108364294433
"918","g0","HSPB1",25.6788930107513
"919","g0","TMSB4X",25.4766937128695
"920","g0","CLU",24.2562011714479
"921","g0","GSN",20.5513101665837
"922","g0","KLK3",20.5325420734654
"923","g0","MSMB",20.5034979123432
"924","g0","SORBS1",19.611796053431
"925","g0","PABPC1",18.8611858394586
"926","g0","PCP4",18.8104545951457
"927","g0","B2M",17.8424120286315
"928","g0","SMTN",17.6319808118158
"929","g0","TNS1",17.4252626552937
"930","g0","UBA52",17.2634164762799
"931","g0","CAVIN1",16.4295047601084
"932","g0","PFN1",16.3629011919182
"933","g0","CCNI",16.0181415558008
"934","g0","PPP1R12B",14.9668972251646
"935","g0","FTH1",14.197528369269
"936","g0","EEF1G",14.1577351042908
"937","g0","SPARCL1",14.0567424281959
"938","g0","IGFBP7",14.0236206611435
"939","g0","CST3",13.8724480592134
"940","g0","COL6A2",13.5101977389744
"941","g0","ITM2B",13.361772846384
"942","g0","CD81",12.4250689486613
"943","g0","DDX5",12.2022234810797
"944","g0","PTMS",12.1502290054399
"945","g0","S100A6",12.0264944233612
"946","g0","CD99",11.8215960709458
"947","g0","FTL",11.7233052217457
"948","g0","FOS",11.6509971499306
"949","g0","EIF4B",11.408433395052
"950","g0","ACPP",11.3234582065373
"951","g0","ACTN1",11.2756601025386
"952","g0","MGP",11.1937429059926
"953","g0","COL1A2",11.1374313540223
"954","g0","CKB",10.8703314006734
"955","g0","PDLIM7",10.7786229847906
"956","g0","PSAP",10.4889169816496
"957","g0","SVIL",10.4257670405277
"958","g0","FN1",10.3803962506175
"959","g0","SQSTM1",10.2438041634462
"960","g0","PTGDS",10.2196535211327
"961","g0","LMOD1",10.1308770926821
"962","g0","SERF2",9.94193129878796
"963","g0","MXRA7",9.8182627003352
"964","g0","TLE5",9.81671695495908
"965","g0","DSTN",9.73413027177629
"966","g0","CIRBP",9.61972307831038
"967","g0","MAP1B",9.58110673933992
"968","g0","FBLN1",9.46603155187649
"969","g0","IGFBP5",9.28306716933109
"970","g0","COL6A1",9.25156378222074
"971","g0","BTG2",9.21328488172697
"972","g0","UQCRB",9.10956911891715
"973","g0","KLK2",9.02651415651037
"974","g0","PALLD",8.93158364569677
"975","g0","LIMS2",8.84877986256302
"976","g0","EIF4A2",8.72022190851541
"977","g0","DCN",8.6965705587332
"978","g0","RGS2",8.61997419018819
"979","g0","TCEAL4",8.54273021155274
"980","g0","CD63",8.48993592128518
"981","g0","COX7C",8.4573970013035
"982","g0","NOP53",8.295847625345
"983","g0","TIMP2",8.23670687034506
"984","g0","DPYSL3",8.22281538962881
"985","g0","HNRNPDL",8.21449602566566
"986","g0","PPDPF",8.18568432666732
"987","g0","FSTL1",8.13119520608168
"988","g0","SPARC",8.11179552193123
"989","g0","RAP1A",8.05557305596452
"990","g0","BEX3",8.0333893561012
"991","g0","NR4A1",7.96726339412458
"992","g0","RHOA",7.95691778876332
"993","g0","TXNIP",7.95453203498176
"994","g0","HSPB6",7.93868663606728
"995","g0","HSP90AA1",7.93533622159956
"996","g0","UBB",7.73557122288167
"997","g0","NUPR1",7.68569681398082
"998","g0","C12orf75",7.60277104648801
"999","g0","HNRNPA3",7.58399630047475
"1000","g0","AHNAK",7.53265012762121
"1001","g6","MYL9",96.5515986930885
"1002","g6","UBC",86.6231860047945
"1003","g6","ACTA2",81.1134504267316
"1004","g6","ACTB",64.5221705444276
"1005","g6","TAGLN",63.888412308269
"1006","g6","FLNA",58.066372192679
"1007","g6","ACTG2",55.9128189181284
"1008","g6","TPM2",52.4663974890381
"1009","g6","TPM1",39.635113312593
"1010","g6","TMSB4X",37.9684279388042
"1011","g6","IGKC",35.7606503845408
"1012","g6","DES",35.2985231737175
"1013","g6","EEF2",29.4241141671171
"1014","g6","MYLK",27.2652550533574
"1015","g6","CALD1",24.2186521341609
"1016","g6","B2M",24.1629167710635
"1017","g6","RHOB",23.8407260900169
"1018","g6","IGFBP7",20.8286347131694
"1019","g6","GSN",19.2999016397666
"1020","g6","S100A6",19.2489660211763
"1021","g6","PABPC1",19.2454311045757
"1022","g6","KLK3",18.7298443637479
"1023","g6","ITM2B",18.5357953208255
"1024","g6","CNN1",18.0589864389055
"1025","g6","CLU",17.9607031786829
"1026","g6","UBA52",17.5596886692001
"1027","g6","HSPB1",17.1291585262086
"1028","g6","SYNPO2",16.5114662837412
"1029","g6","FTL",14.5270548806019
"1030","g6","EEF1G",14.1062993255996
"1031","g6","CAVIN1",14.0526782376043
"1032","g6","LTBP4",13.7353304976099
"1033","g6","CEBPD",13.6033555469206
"1034","g6","PFN1",13.5914411720483
"1035","g6","IGHA1",13.3833974423849
"1036","g6","COL1A2",13.2126602006518
"1037","g6","MGP",13.1433394568083
"1038","g6","FOS",13.1188108737005
"1039","g6","FTH1",13.1168176574139
"1040","g6","SPARC",12.797799220648
"1041","g6","CCNI",12.5111490762323
"1042","g6","TIMP3",12.5025921419937
"1043","g6","DCN",12.3340289769429
"1044","g6","SPARCL1",12.2036824490829
"1045","g6","A2M",12.1358941847122
"1046","g6","SERF2",12.1019406342489
"1047","g6","MSMB",12.068142905606
"1048","g6","PSAP",12.0369535080525
"1049","g6","ID1",11.9239254532565
"1050","g6","NR4A1",11.9180811166481
"1051","g6","SORBS1",11.6922509693462
"1052","g6","EIF4B",11.1915287025191
"1053","g6","FBLN1",11.1038472836671
"1054","g6","TNS1",11.0977263238826
"1055","g6","JUNB",11.0568075937079
"1056","g6","FSTL1",10.9935926594383
"1057","g6","CD74",10.9544826199698
"1058","g6","VIM",10.8833105436097
"1059","g6","AEBP1",10.7326944764684
"1060","g6","DDX5",10.6647637423194
"1061","g6","CIRBP",10.6000425102097
"1062","g6","CD81",10.597189107867
"1063","g6","SQSTM1",10.3334470572703
"1064","g6","XBP1",10.2672162770059
"1065","g6","CCN2",10.1699336018191
"1066","g6","C1R",10.1530856812647
"1067","g6","MXRA7",9.99511949506682
"1068","g6","PTMS",9.46152815454226
"1069","g6","CD99",9.45849149268111
"1070","g6","COL6A2",9.40761319799111
"1071","g6","MT2A",9.36711994353164
"1072","g6","APP",9.29086443597997
"1073","g6","PPDPF",9.2473943554566
"1074","g6","IFITM3",9.2315576243779
"1075","g6","SYNM",9.20227311605512
"1076","g6","PPP1R12B",9.18045542924174
"1077","g6","CD63",9.1774645342659
"1078","g6","NOP53",9.08417103148831
"1079","g6","DDX17",9.0365175790078
"1080","g6","IGFBP6",8.99842488792555
"1081","g6","DUSP1",8.97458953524785
"1082","g6","TIMP2",8.92271615338147
"1083","g6","IGFBP5",8.8020457238772
"1084","g6","ACTN1",8.78865937190192
"1085","g6","GLUL",8.74713450942882
"1086","g6","HSP90AA1",8.6480116447976
"1087","g6","MYH9",8.63269926163278
"1088","g6","AHNAK",8.54493208746563
"1089","g6","GABARAP",8.48201685779358
"1090","g6","RHOA",8.47937552875295
"1091","g6","ACPP",8.4084895956942
"1092","g6","RACK1",8.40135047430659
"1093","g6","NBL1",8.27217561114811
"1094","g6","HNRNPA2B1",8.1791681603748
"1095","g6","HSP90AB1",8.15625647689883
"1096","g6","TLE5",8.0615496310306
"1097","g6","TCEAL4",8.02978292571313
"1098","g6","SMTN",8.01221024556742
"1099","g6","PTGDS",7.95183062465198
"1100","g6","ZFAND5",7.8677654950626
"1101","g10","MYL9",159.544578657446
"1102","g10","ACTG2",113.047793285035
"1103","g10","ACTA2",104.112788425594
"1104","g10","UBC",102.017940431081
"1105","g10","TAGLN",99.7058223084378
"1106","g10","ACTB",86.2304367353319
"1107","g10","TPM2",71.714047364105
"1108","g10","FLNA",71.174324191581
"1109","g10","TPM1",65.9682734867674
"1110","g10","MYLK",62.9823655236548
"1111","g10","DES",40.5257200036389
"1112","g10","CALD1",39.3068842525261
"1113","g10","CNN1",36.0365411810335
"1114","g10","SYNPO2",31.3419596190975
"1115","g10","EEF2",31.0546244810215
"1116","g10","TMSB4X",30.7456883088649
"1117","g10","RHOB",29.4834999362734
"1118","g10","SYNM",26.2902501342434
"1119","g10","CLU",24.8333176141009
"1120","g10","HSPB1",24.1576755493724
"1121","g10","KLK3",22.9797986027686
"1122","g10","GSN",22.3903355876115
"1123","g10","MSMB",21.995428408664
"1124","g10","B2M",21.7393207543589
"1125","g10","FOS",18.9324898042477
"1126","g10","UBA52",17.445493118307
"1127","g10","PABPC1",17.2202980793217
"1128","g10","CCNI",16.5632980311633
"1129","g10","SORBS1",16.2958054362178
"1130","g10","FTH1",16.1827435186438
"1131","g10","ITM2B",15.8419270399166
"1132","g10","S100A6",15.8214286467809
"1133","g10","CAVIN1",15.7562174304898
"1134","g10","FTL",15.6961236005027
"1135","g10","TNS1",15.5762856755005
"1136","g10","PCP4",15.1376244351065
"1137","g10","MGP",14.8708839825373
"1138","g10","PFN1",14.5527584447501
"1139","g10","EEF1G",14.4373306440804
"1140","g10","SMTN",14.2060670282738
"1141","g10","IGFBP7",14.109742912427
"1142","g10","SPARCL1",13.9906164994119
"1143","g10","CST3",13.554659279217
"1144","g10","ACPP",13.3602663335798
"1145","g10","NR4A1",12.9996560614381
"1146","g10","PSAP",12.5815457775732
"1147","g10","PPP1R12B",12.5318822786342
"1148","g10","EIF4B",12.3540089157064
"1149","g10","VIM",12.1030893222275
"1150","g10","CD81",12.0777147821902
"1151","g10","PTMS",12.024563229451
"1152","g10","COL6A2",11.9086889369776
"1153","g10","BTG2",11.8685125730009
"1154","g10","FBLN1",11.7392628498755
"1155","g10","FN1",11.679803284756
"1156","g10","DDX5",11.6027785624495
"1157","g10","COL1A2",11.4899716896532
"1158","g10","DCN",11.3154305852726
"1159","g10","SERF2",11.1464276843023
"1160","g10","SQSTM1",10.7085851991372
"1161","g10","IGFBP5",10.5948211527014
"1162","g10","SPARC",10.3280152997504
"1163","g10","TLE5",10.1881266326019
"1164","g10","CD99",10.0308789674602
"1165","g10","UQCRB",9.67920676754579
"1166","g10","TIMP3",9.60666802088236
"1167","g10","ZFAND5",9.391315084811
"1168","g10","PTGDS",9.30463154945239
"1169","g10","RGS2",9.21861323302288
"1170","g10","MT2A",9.21479352949063
"1171","g10","NOP53",9.09712877848053
"1172","g10","COL6A1",9.05448959074058
"1173","g10","C11orf96",9.04615313209889
"1174","g10","LTBP4",9.00850725827601
"1175","g10","CD63",9.00292110077882
"1176","g10","PPDPF",8.99768034294472
"1177","g10","JUNB",8.98494159054063
"1178","g10","PDLIM7",8.92013812380194
"1179","g10","CEBPD",8.91753785780084
"1180","g10","DUSP1",8.85676019219973
"1181","g10","KLK2",8.74127642086465
"1182","g10","DSTN",8.67385343580168
"1183","g10","GLUL",8.57949888266582
"1184","g10","ACTN1",8.48975691786133
"1185","g10","TIMP2",8.42280776905414
"1186","g10","HSP90AA1",8.3686625921378
"1187","g10","CIRBP",8.32972856599034
"1188","g10","EIF4A2",8.32215734667405
"1189","g10","DDX17",8.30314498740688
"1190","g10","CKB",8.29976562794338
"1191","g10","SVIL",8.27997771746024
"1192","g10","TXNIP",8.11816017676727
"1193","g10","FSTL1",8.07330420227194
"1194","g10","MXRA7",8.04592225232678
"1195","g10","C1R",8.03581991783118
"1196","g10","JUN",8.0060591815385
"1197","g10","LGALS1",7.97905360291789
"1198","g10","PALLD",7.85953289789741
"1199","g10","IFITM3",7.80291602359371
"1200","g10","HSP90AB1",7.80120767415931
"1201","g2","MYL9",152.058687044995
"1202","g2","ACTA2",105.984092990452
"1203","g2","ACTG2",105.358365415004
"1204","g2","UBC",98.3500015071256
"1205","g2","TAGLN",83.7636386234765
"1206","g2","TPM2",83.1700894888362
"1207","g2","ACTB",77.6286592985243
"1208","g2","TPM1",71.2068038619939
"1209","g2","FLNA",69.2774592240859
"1210","g2","MYLK",57.6304864418218
"1211","g2","KLK3",56.4290787749618
"1212","g2","MSMB",54.1387444891636
"1213","g2","DES",39.5162768051112
"1214","g2","EEF2",33.1037268710638
"1215","g2","CALD1",31.9712199342067
"1216","g2","ACPP",30.0684815127759
"1217","g2","CNN1",29.4452240379675
"1218","g2","SYNPO2",27.8878037724796
"1219","g2","TMSB4X",26.8010104033541
"1220","g2","SYNM",23.3495823416459
"1221","g2","RHOB",23.0165555351325
"1222","g2","HSPB1",22.8691464102623
"1223","g2","KLK2",22.5844795905669
"1224","g2","GSN",22.2661260977115
"1225","g2","B2M",21.156837576488
"1226","g2","CLU",20.0756781699275
"1227","g2","PABPC1",18.3807838715059
"1228","g2","ITM2B",18.1705383173714
"1229","g2","UBA52",17.1929069815154
"1230","g2","IGFBP7",16.0129413873325
"1231","g2","EEF1G",14.9873199077183
"1232","g2","CST3",14.951008387891
"1233","g2","CAVIN1",14.672414210483
"1234","g2","SMTN",14.5684421428958
"1235","g2","PFN1",14.3035736148944
"1236","g2","SORBS1",14.0823130515812
"1237","g2","FTH1",13.8004412638386
"1238","g2","CCNI",13.6060280731733
"1239","g2","FOS",13.4366875096544
"1240","g2","PCP4",13.4130196420422
"1241","g2","SPARCL1",13.3928068584994
"1242","g2","TNS1",13.231467707011
"1243","g2","FTL",12.864243701241
"1244","g2","CD99",12.1742905329159
"1245","g2","S100A6",12.1489837722124
"1246","g2","COL6A2",12.1257004383208
"1247","g2","EIF4B",12.0571545740343
"1248","g2","PTMS",11.8326773693745
"1249","g2","SERF2",11.5629478391059
"1250","g2","PPP1R12B",11.2898066000367
"1251","g2","PSAP",11.2527558351052
"1252","g2","PTGDS",11.2312587839386
"1253","g2","COL1A2",11.122282355616
"1254","g2","DDX5",10.9783512928219
"1255","g2","CD81",10.8471303937141
"1256","g2","FBLN1",10.4781014717126
"1257","g2","SQSTM1",10.4545730216655
"1258","g2","DCN",10.28151267084
"1259","g2","VIM",10.1773183341204
"1260","g2","CIRBP",10.1155300399919
"1261","g2","NR4A1",9.85517645012981
"1262","g2","IGFBP5",9.85459339278518
"1263","g2","CKB",9.51954001646943
"1264","g2","UQCRB",9.48024207735112
"1265","g2","TLE5",9.20199586441404
"1266","g2","NOP53",9.17471137441023
"1267","g2","CD63",9.13866472741858
"1268","g2","LTBP4",9.07032320214877
"1269","g2","MGP",9.03985535602355
"1270","g2","ACTN1",8.92689244477208
"1271","g2","PPDPF",8.83265313497858
"1272","g2","IGKC",8.77338416542118
"1273","g2","MXRA7",8.75069220375192
"1274","g2","AZGP1",8.65303219180253
"1275","g2","HNRNPDL",8.5931574914968
"1276","g2","SPARC",8.47181371721314
"1277","g2","CEBPD",8.34669532769053
"1278","g2","SVIL",8.31891725713173
"1279","g2","EIF4A2",8.14047731274629
"1280","g2","TCEAL4",8.13712039051499
"1281","g2","TXNIP",8.06880509306979
"1282","g2","PDLIM7",8.06225757290493
"1283","g2","CCN2",7.99665441826877
"1284","g2","CNBP",7.94533628594303
"1285","g2","BEX3",7.93560381428399
"1286","g2","HSP90AA1",7.86512438705797
"1287","g2","XBP1",7.85513050839914
"1288","g2","DSTN",7.79870692971489
"1289","g2","LMOD1",7.7536682816043
"1290","g2","FKBP5",7.74174426533776
"1291","g2","TIMP3",7.73950180524258
"1292","g2","AHNAK",7.7326696515179
"1293","g2","DDX17",7.71703608206622
"1294","g2","GABARAP",7.69967982258834
"1295","g2","COL3A1",7.6945516848758
"1296","g2","TIMP2",7.68707850654476
"1297","g2","HSP90AB1",7.6623484798242
"1298","g2","RHOA",7.61421822854047
"1299","g2","SNRNP70",7.56459327679122
"1300","g2","RACK1",7.54524231907574
"1301","g14","UBC",125.572159412283
"1302","g14","MYL9",86.5204330958278
"1303","g14","ACTB",63.6833738510039
"1304","g14","ACTA2",62.813293835173
"1305","g14","TAGLN",59.1329175359704
"1306","g14","ACTG2",53.5102937167719
"1307","g14","TMSB4X",47.508719539471
"1308","g14","FLNA",44.7988291678368
"1309","g14","TPM2",39.0505969766546
"1310","g14","TPM1",35.6923443463814
"1311","g14","GSN",31.8107535323734
"1312","g14","FOS",30.4852872702146
"1313","g14","MYLK",30.3299914565647
"1314","g14","B2M",26.3890298897478
"1315","g14","EEF2",26.344768771278
"1316","g14","CLU",25.8013469084652
"1317","g14","DCN",25.1896172107882
"1318","g14","RHOB",24.3283182191141
"1319","g14","VIM",23.9432357023355
"1320","g14","CALD1",23.5580273524373
"1321","g14","KLK3",23.2722125037415
"1322","g14","NR4A1",23.1144155891208
"1323","g14","MGP",22.8243795683868
"1324","g14","MSMB",22.3121283277907
"1325","g14","S100A6",22.1557865174811
"1326","g14","FTL",21.6452589045281
"1327","g14","ITM2B",21.6379114209848
"1328","g14","DES",21.5034771449942
"1329","g14","IGFBP7",21.2246553317321
"1330","g14","IGFBP5",19.482997197424
"1331","g14","MT2A",18.7273870500606
"1332","g14","FTH1",18.5994299586508
"1333","g14","HSPB1",18.0758101490932
"1334","g14","FBLN1",17.8189750059625
"1335","g14","UBA52",17.7931067368213
"1336","g14","PABPC1",17.775949895381
"1337","g14","CNN1",17.6082483200316
"1338","g14","JUNB",16.7631869909716
"1339","g14","COL1A2",16.3567864017809
"1340","g14","SYNPO2",16.0992137718167
"1341","g14","ZFP36",15.0643301858509
"1342","g14","EGR1",14.9963433853231
"1343","g14","EEF1G",14.9314120877299
"1344","g14","BTG2",14.6747763757999
"1345","g14","PSAP",14.6318281494887
"1346","g14","SPARCL1",14.5650055793382
"1347","g14","IGFBP6",14.3646205228735
"1348","g14","CEBPD",13.5928060274428
"1349","g14","LTBP4",13.5924996277878
"1350","g14","C11orf96",13.4715948916707
"1351","g14","CCNI",13.2778295828433
"1352","g14","TIMP3",13.2352681172332
"1353","g14","APOD",12.905133297698
"1354","g14","ADAMTS1",12.8959725993826
"1355","g14","C1R",12.7817951929935
"1356","g14","COL6A2",12.74648007048
"1357","g14","SPARC",12.7060322697739
"1358","g14","CAVIN1",12.6470011905487
"1359","g14","CST3",12.6197554325434
"1360","g14","SERF2",12.1885093607852
"1361","g14","IFITM3",12.1878818832881
"1362","g14","CD99",12.1086780034871
"1363","g14","GLUL",12.076252873051
"1364","g14","ACPP",12.021338889058
"1365","g14","DDX5",11.9635757130046
"1366","g14","SQSTM1",11.817492133184
"1367","g14","FN1",11.7553996832834
"1368","g14","ZFAND5",11.7529156603275
"1369","g14","PFN1",11.6928637068015
"1370","g14","EIF4B",11.6311856999152
"1371","g14","SYNM",11.3220006768408
"1372","g14","CRISPLD2",10.9821470006152
"1373","g14","CD81",10.8810377898938
"1374","g14","DUSP1",10.7545980492576
"1375","g14","PTMS",10.6013608994954
"1376","g14","AEBP1",10.4173022925475
"1377","g14","FOSB",10.3500236412585
"1378","g14","TIMP2",10.2343218438081
"1379","g14","AHNAK",9.88946505942618
"1380","g14","CD74",9.6717308594889
"1381","g14","SERPINF1",9.52571069472761
"1382","g14","TNS1",9.51845557985201
"1383","g14","CD63",9.41343370419085
"1384","g14","TXNIP",9.38793370021657
"1385","g14","SORBS1",9.36613312132803
"1386","g14","APP",9.10310091128027
"1387","g14","FSTL1",9.09187240137042
"1388","g14","CIRBP",9.04810387605942
"1389","g14","TLE5",8.97406673395109
"1390","g14","JUN",8.95296435096733
"1391","g14","OAZ1",8.90963988580846
"1392","g14","HSP90AB1",8.8201503738142
"1393","g14","RASD1",8.79276727528845
"1394","g14","UQCRB",8.55826456008376
"1395","g14","KLK2",8.48822282963731
"1396","g14","HSP90AA1",8.41219008007077
"1397","g14","HNRNPA2B1",8.39907282307477
"1398","g14","IGKC",8.22314200233798
"1399","g14","COL6A3",8.16249924977416
"1400","g14","NOP53",8.101038650964
"1401","g11","UBC",68.8958672246417
"1402","g11","KLK3",61.7801727714406
"1403","g11","MSMB",60.0268637609653
"1404","g11","ACPP",37.4250738734885
"1405","g11","KRT15",34.2420169692303
"1406","g11","PABPC1",31.1125260504427
"1407","g11","EEF2",31.016889057222
"1408","g11","ACTB",30.8552147853148
"1409","g11","KLK2",29.8582835078047
"1410","g11","B2M",29.7894611540012
"1411","g11","TMSB4X",29.1306969992719
"1412","g11","MYL9",27.34535286957
"1413","g11","EEF1G",26.6711530998495
"1414","g11","AZGP1",25.9490333208329
"1415","g11","ITM2B",24.1474014227133
"1416","g11","TXNIP",22.9656029003056
"1417","g11","XBP1",22.140941668342
"1418","g11","ACTA2",21.7185173087795
"1419","g11","UBA52",21.1126820774931
"1420","g11","GLUL",20.9483746569633
"1421","g11","HSPB1",20.4046615348443
"1422","g11","TAGLN",19.483667806693
"1423","g11","S100A6",19.104094406148
"1424","g11","FTH1",17.2985446055963
"1425","g11","SGK1",16.3497712510575
"1426","g11","RHOB",16.1364466605547
"1427","g11","FTL",16.0802087073203
"1428","g11","FLNA",15.92014233328
"1429","g11","ACTG2",14.6917770161222
"1430","g11","TPM2",14.5119160281041
"1431","g11","FOS",14.4141613291489
"1432","g11","NOP53",14.4027638557036
"1433","g11","SERF2",13.9631696077714
"1434","g11","EIF4B",13.9199059212052
"1435","g11","CIRBP",13.0908078497924
"1436","g11","SQSTM1",12.9609966700573
"1437","g11","TPM1",12.8777098810361
"1438","g11","TSC22D3",12.8495790207152
"1439","g11","DUSP1",12.4972168335958
"1440","g11","CEBPD",12.3752421235192
"1441","g11","PPDPF",12.2349107673811
"1442","g11","DDX5",12.1310056764349
"1443","g11","VEGFA",12.1285711148059
"1444","g11","HSP90AB1",11.9105592367197
"1445","g11","KRT5",11.8715811618415
"1446","g11","RACK1",11.7586143337782
"1447","g11","PSAP",11.6265341849217
"1448","g11","DDIT4",11.4795620914538
"1449","g11","CD74",11.3861732586687
"1450","g11","CCNI",11.3596825677095
"1451","g11","DDX17",10.8257082521021
"1452","g11","FKBP5",10.5934032919004
"1453","g11","HSP90AA1",10.4008766899622
"1454","g11","TFCP2L1",10.1269090584731
"1455","g11","GSTP1",9.79920079901074
"1456","g11","GSN",9.74736198570672
"1457","g11","IGFBP7",9.5508169761125
"1458","g11","PFN1",9.44348865574677
"1459","g11","ZFAND5",9.23864339369762
"1460","g11","EEF1B2",8.9324820244441
"1461","g11","CD81",8.90657182476591
"1462","g11","TLE5",8.65334233372167
"1463","g11","GABARAP",8.65250131271408
"1464","g11","OAZ1",8.63576951955553
"1465","g11","TOB1",8.63316030155843
"1466","g11","IGFBP5",8.63195459257615
"1467","g11","MYLK",8.54677466101958
"1468","g11","PTMS",8.462002678128
"1469","g11","CD63",8.4278607064249
"1470","g11","SNRNP70",8.31512813910324
"1471","g11","FBLN1",8.16485138627331
"1472","g11","CD9",8.1357677366772
"1473","g11","CLU",8.06376472477617
"1474","g11","HERPUD1",8.0287725789378
"1475","g11","NR4A1",7.99274766474067
"1476","g11","HNRNPA3",7.91671212614487
"1477","g11","HNRNPA2B1",7.87247191053104
"1478","g11","NBL1",7.85673630233904
"1479","g11","TMBIM6",7.82265265718765
"1480","g11","CALD1",7.79557237360025
"1481","g11","SRRM2",7.75249804802085
"1482","g11","EIF4A2",7.63070907618055
"1483","g11","SRSF5",7.57090365830661
"1484","g11","CTSD",7.46064976127009
"1485","g11","HNRNPDL",7.44063030876471
"1486","g11","APP",7.43006819779726
"1487","g11","ZFP36L1",7.42033340361578
"1488","g11","HSPA8",7.34561015679543
"1489","g11","TOMM7",7.34452423573081
"1490","g11","LTBP4",7.29904072597669
"1491","g11","MYH9",7.25213085248901
"1492","g11","VIM",7.19901521740861
"1493","g11","COX7C",7.18035159069788
"1494","g11","OLFM4",7.11337015976913
"1495","g11","UBB",7.04642713234274
"1496","g11","AHNAK",7.04140079564939
"1497","g11","F3",6.97122764909709
"1498","g11","CRISPLD2",6.91369661196159
"1499","g11","RHOA",6.90518945395164
"1500","g11","MT1X",6.86359933881922
"1501","g4","MYL9",130.425355310889
"1502","g4","ACTA2",96.7489808313279
"1503","g4","UBC",91.1032329174938
"1504","g4","TAGLN",85.0146486985474
"1505","g4","ACTG2",82.0150174677793
"1506","g4","ACTB",76.6003930297074
"1507","g4","FLNA",68.8719239349152
"1508","g4","TPM2",57.2444651556076
"1509","g4","TPM1",52.9294529424058
"1510","g4","MYLK",44.3933502645699
"1511","g4","TMSB4X",38.1550108493609
"1512","g4","DES",36.9804865335665
"1513","g4","EEF2",31.8774330311937
"1514","g4","CALD1",30.5985459566055
"1515","g4","RHOB",26.5245462232302
"1516","g4","CNN1",25.5609282696382
"1517","g4","IGKC",23.9399978345487
"1518","g4","B2M",23.8055748572401
"1519","g4","SYNPO2",22.6502339996433
"1520","g4","GSN",22.1237926305781
"1521","g4","CLU",20.6960020232976
"1522","g4","HSPB1",20.2736536479433
"1523","g4","SYNM",18.4646703679079
"1524","g4","PABPC1",17.6159628483414
"1525","g4","UBA52",17.5654000283485
"1526","g4","ITM2B",17.1952842722881
"1527","g4","MGP",16.7672981530592
"1528","g4","KLK3",16.3643128116991
"1529","g4","FTL",16.1836777586335
"1530","g4","IGFBP7",15.7395239146837
"1531","g4","SPARCL1",15.396421799027
"1532","g4","FBLN1",15.357902319775
"1533","g4","S100A6",15.2394436363707
"1534","g4","CCNI",14.2550042587801
"1535","g4","PFN1",14.2454478581638
"1536","g4","SORBS1",14.0538405907521
"1537","g4","EEF1G",13.9464612802973
"1538","g4","FTH1",13.8993052609278
"1539","g4","MSMB",13.7403403340444
"1540","g4","FOS",13.5103046727368
"1541","g4","CAVIN1",13.0650799387994
"1542","g4","PSAP",13.0383894368237
"1543","g4","DCN",12.9026921247567
"1544","g4","TNS1",12.6729469219887
"1545","g4","IGFBP5",12.3683518931005
"1546","g4","COL1A2",12.34815790844
"1547","g4","DDX5",11.8094161146639
"1548","g4","VIM",11.7436265687153
"1549","g4","SMTN",11.7119492241801
"1550","g4","CD81",11.6610314802314
"1551","g4","COL6A2",11.458511977612
"1552","g4","EIF4B",11.3954827673182
"1553","g4","PTMS",11.1987239682464
"1554","g4","CD74",11.1495877480864
"1555","g4","C1R",10.9638185704347
"1556","g4","PPP1R12B",10.9059228892206
"1557","g4","PCP4",10.8815654166121
"1558","g4","SQSTM1",10.8111148075518
"1559","g4","CD99",10.7751169829769
"1560","g4","LTBP4",10.7510806495357
"1561","g4","IGHA1",10.7462304253299
"1562","g4","SPARC",10.4173054627593
"1563","g4","IFITM3",10.3575721377477
"1564","g4","NR4A1",10.3398002509185
"1565","g4","SERF2",10.2295452464926
"1566","g4","CST3",10.059205128397
"1567","g4","CIRBP",10.007282808324
"1568","g4","CEBPD",9.99395687445236
"1569","g4","JUNB",9.73766591767651
"1570","g4","TIMP3",9.53483183677814
"1571","g4","TIMP2",9.53025660461284
"1572","g4","NOP53",9.50456210396594
"1573","g4","MT2A",9.38787390862909
"1574","g4","CD63",9.34693576169118
"1575","g4","FN1",9.30735723110855
"1576","g4","PAGE4",9.27420687661402
"1577","g4","TXNIP",9.22764421835339
"1578","g4","AEBP1",9.15499214241153
"1579","g4","FSTL1",8.9435069549492
"1580","g4","A2M",8.86550136962372
"1581","g4","EIF4A2",8.79602805139688
"1582","g4","ACTN1",8.75581807685948
"1583","g4","ACPP",8.71386394518318
"1584","g4","TLE5",8.64219841676647
"1585","g4","COL6A1",8.6369561895024
"1586","g4","MXRA7",8.5873992783439
"1587","g4","BTG2",8.58357107282011
"1588","g4","HNRNPA3",8.41902143249806
"1589","g4","UQCRB",8.32604290699292
"1590","g4","PPDPF",8.3218635256454
"1591","g4","HNRNPA2B1",8.25432050555465
"1592","g4","TCEAL4",8.1307377821192
"1593","g4","RHOA",8.10426805537146
"1594","g4","HSP90AB1",8.03003306710228
"1595","g4","PDLIM7",8.0062684908544
"1596","g4","GLUL",8.0022506033379
"1597","g4","HSP90AA1",7.99342829442599
"1598","g4","PALLD",7.94140676706242
"1599","g4","CRISPLD2",7.91487993269058
"1600","g4","OAZ1",7.88979683697095
"1601","g9","UBC",112.664271468648
"1602","g9","MYL9",78.7212729318585
"1603","g9","ACTA2",62.5184337253325
"1604","g9","ACTB",61.0599465435382
"1605","g9","TMSB4X",53.3196425097049
"1606","g9","TAGLN",47.3720999754539
"1607","g9","ACTG2",44.9466555123848
"1608","g9","FLNA",42.7208251074512
"1609","g9","TPM2",39.1217223998507
"1610","g9","TPM1",33.8960930662546
"1611","g9","B2M",33.5496608673388
"1612","g9","EEF2",28.2452703287193
"1613","g9","MYLK",26.8464930954046
"1614","g9","KLK3",25.7989848029838
"1615","g9","IGFBP7",25.7050857727169
"1616","g9","MSMB",24.4799758008731
"1617","g9","GSN",24.3601848281067
"1618","g9","ITM2B",23.5033538938058
"1619","g9","CLU",22.5318744917795
"1620","g9","DES",20.3634553770206
"1621","g9","CALD1",20.2222771210825
"1622","g9","FOS",19.8645838754198
"1623","g9","VIM",19.6607572689147
"1624","g9","PABPC1",19.4018318619942
"1625","g9","RHOB",19.1215920963286
"1626","g9","S100A6",18.6370963130515
"1627","g9","UBA52",18.3977242136861
"1628","g9","TIMP3",18.137792168449
"1629","g9","CD74",18.0215345913513
"1630","g9","NR4A1",16.7048734501899
"1631","g9","FTL",16.5726037421448
"1632","g9","IGFBP5",16.540975144989
"1633","g9","IGKC",16.452441413285
"1634","g9","CNN1",16.059781802423
"1635","g9","HSPB1",16.0424398683149
"1636","g9","ZFP36",15.933740540791
"1637","g9","EEF1G",15.4713743736246
"1638","g9","ACPP",15.3756131207433
"1639","g9","SPARCL1",15.1126807804487
"1640","g9","CEBPD",14.9793043981012
"1641","g9","FTH1",14.1865197129233
"1642","g9","DCN",13.8541880895954
"1643","g9","SYNPO2",13.8032228435472
"1644","g9","IFITM3",13.7879380628843
"1645","g9","MT2A",13.3385179908283
"1646","g9","FBLN1",13.2771248075547
"1647","g9","A2M",13.2747818277618
"1648","g9","CAVIN1",13.2075507195945
"1649","g9","MGP",13.0622497140272
"1650","g9","PSAP",12.9977003997198
"1651","g9","TXNIP",12.8112472846367
"1652","g9","CCNI",12.6398549626697
"1653","g9","DDX5",12.5185961731458
"1654","g9","EIF4B",12.386185767579
"1655","g9","ADAMTS1",12.313598740843
"1656","g9","SPARC",12.0383033115784
"1657","g9","COL1A2",11.8136240895975
"1658","g9","PFN1",11.7557754218251
"1659","g9","LTBP4",11.6232945933854
"1660","g9","PTMS",11.5795859978466
"1661","g9","SERF2",11.379979284207
"1662","g9","DUSP1",11.3523604889614
"1663","g9","CD99",11.221167803147
"1664","g9","MYH9",10.9234346360727
"1665","g9","JUNB",10.5213048466351
"1666","g9","CD81",10.4255160041823
"1667","g9","KLK2",10.3512529050302
"1668","g9","NOP53",10.3396181778496
"1669","g9","GLUL",10.2131445080177
"1670","g9","APP",9.99230176450323
"1671","g9","SQSTM1",9.9522896623273
"1672","g9","CD63",9.88885477783566
"1673","g9","TNS1",9.85201310204096
"1674","g9","EGR1",9.84770381034989
"1675","g9","SPRY1",9.71962125910492
"1676","g9","IGHA1",9.69865140770353
"1677","g9","CST3",9.61909088604517
"1678","g9","RACK1",9.47255416464012
"1679","g9","COL6A2",9.33651790415919
"1680","g9","HLA-E",9.32975595963117
"1681","g9","C1R",9.26036265341262
"1682","g9","MYC",9.19280250896978
"1683","g9","CIRBP",9.09199810027486
"1684","g9","C11orf96",9.01162032046782
"1685","g9","RHOA",9.0062356382405
"1686","g9","AHNAK",8.9538649765801
"1687","g9","ZFAND5",8.77770490484654
"1688","g9","SYNM",8.76990947647045
"1689","g9","DDX17",8.7197096993796
"1690","g9","FKBP5",8.65743216915655
"1691","g9","VWF",8.64793010136605
"1692","g9","HNRNPA3",8.5384145704261
"1693","g9","TSC22D3",8.49271099632785
"1694","g9","HSP90AB1",8.48661468700481
"1695","g9","SORBS1",8.35529678787973
"1696","g9","HNRNPDL",8.29083838750664
"1697","g9","TIMP2",8.25517978113204
"1698","g9","HSP90AA1",8.1377587877939
"1699","g9","FSTL1",8.12914845994874
"1700","g9","HNRNPA2B1",8.07338313844427
"1701","g18","MYL9",108.234684382421
"1702","g18","ACTA2",89.9865301640117
"1703","g18","UBC",83.242082328099
"1704","g18","TAGLN",72.2617571647409
"1705","g18","ACTB",71.5108863732907
"1706","g18","ACTG2",65.0304774625031
"1707","g18","FLNA",59.4064967245796
"1708","g18","TPM2",54.9306874303091
"1709","g18","TMSB4X",52.0887815474461
"1710","g18","IGKC",46.9640789140846
"1711","g18","TPM1",43.5852592207053
"1712","g18","MYLK",39.2593011278213
"1713","g18","B2M",34.5159252967909
"1714","g18","EEF2",31.3505004266446
"1715","g18","CD74",28.4731086242116
"1716","g18","DES",27.0859232128025
"1717","g18","CALD1",24.1562531210725
"1718","g18","IGLC1",24.0904277818247
"1719","g18","FTL",23.8447711485297
"1720","g18","UBA52",21.1879690277305
"1721","g18","IGFBP7",20.89649623826
"1722","g18","PABPC1",20.8172558647056
"1723","g18","ITM2B",20.7763868974638
"1724","g18","IGHA1",20.4200138741949
"1725","g18","CNN1",20.1195268043737
"1726","g18","GSN",19.3529063540917
"1727","g18","RHOB",18.8998928859353
"1728","g18","A2M",18.8206090394361
"1729","g18","SYNPO2",17.4126481815671
"1730","g18","HSPB1",17.2391340445714
"1731","g18","MGP",17.2369115943404
"1732","g18","PSAP",16.6474151800397
"1733","g18","FBLN1",16.2626836260046
"1734","g18","VIM",16.2585393433792
"1735","g18","EEF1G",15.6933185326757
"1736","g18","PFN1",15.4060250189068
"1737","g18","S100A6",15.2495713302255
"1738","g18","KLK3",15.1012180778436
"1739","g18","FTH1",15.0280507951239
"1740","g18","HLA-DRA",14.3388129613065
"1741","g18","SPARCL1",14.3045774913797
"1742","g18","CLU",13.8518275728588
"1743","g18","SYNM",13.6899030571881
"1744","g18","CCNI",13.6653355973104
"1745","g18","MSMB",12.9312664151935
"1746","g18","IGFBP5",12.3677576675141
"1747","g18","EIF4B",12.36557130677
"1748","g18","CD81",12.3381793814811
"1749","g18","DCN",12.3359224424473
"1750","g18","SORBS1",12.2209226201072
"1751","g18","PAGE4",12.1588758831852
"1752","g18","CAVIN1",11.8607715749378
"1753","g18","COL1A2",11.8374466148568
"1754","g18","TXNIP",11.6674409945287
"1755","g18","TNS1",11.6223813045722
"1756","g18","C1R",11.3964452303184
"1757","g18","SPARC",11.2274742041498
"1758","g18","LTBP4",11.1697331753848
"1759","g18","DDX5",11.0227304869431
"1760","g18","CIRBP",10.9587487109263
"1761","g18","SQSTM1",10.8850924578251
"1762","g18","AEBP1",10.6959006385111
"1763","g18","CST3",10.6228387063023
"1764","g18","COL6A2",10.3762437989585
"1765","g18","PTMS",10.358253563779
"1766","g18","IFITM3",10.3015059929188
"1767","g18","MT2A",10.2210812053642
"1768","g18","CEBPD",10.0958605621097
"1769","g18","CD99",10.0172738364035
"1770","g18","GABARAP",10.0168139682714
"1771","g18","TIMP2",9.89676425115543
"1772","g18","SERF2",9.77919071916842
"1773","g18","UQCRB",9.76925510492445
"1774","g18","NOP53",9.76159264867127
"1775","g18","SMTN",9.68510745396608
"1776","g18","CD63",9.51639660602381
"1777","g18","HLA-DPB1",9.50403647764347
"1778","g18","PCP4",9.39706537536978
"1779","g18","HLA-DPA1",8.9112399346803
"1780","g18","FOS",8.89566765470633
"1781","g18","PPDPF",8.75297752169167
"1782","g18","ACTN1",8.72116841089649
"1783","g18","HSP90AB1",8.70202911778337
"1784","g18","TIMP3",8.70114614011987
"1785","g18","NBL1",8.6952449106729
"1786","g18","PPP1R12B",8.5397953680706
"1787","g18","PTGDS",8.47462898165081
"1788","g18","RHOA",8.44675802831526
"1789","g18","ACPP",8.39849769871288
"1790","g18","DDX17",8.28286542559588
"1791","g18","OAZ1",8.26340573938579
"1792","g18","MYH9",8.18507561405022
"1793","g18","TCEAL4",8.12283021729333
"1794","g18","EIF4A2",8.06317889892124
"1795","g18","MXRA7",8.05153716083819
"1796","g18","GLUL",8.0350356459851
"1797","g18","COX7C",8.03014221625656
"1798","g18","HNRNPA2B1",7.88439641045792
"1799","g18","RACK1",7.82319467178075
"1800","g18","TLE5",7.73856691454175
"1801","g17","MYL9",100.095725633943
"1802","g17","UBC",98.1795767999039
"1803","g17","ACTA2",78.2267241395721
"1804","g17","ACTB",65.998678535271
"1805","g17","TAGLN",60.4271841343459
"1806","g17","FLNA",56.1147035891492
"1807","g17","TMSB4X",44.4038253489809
"1808","g17","TPM2",44.3690779268285
"1809","g17","ACTG2",39.864431942241
"1810","g17","RHOB",37.1922593749927
"1811","g17","TPM1",37.0547709416316
"1812","g17","VIM",30.4024506924473
"1813","g17","MT2A",29.015161823588
"1814","g17","EEF2",27.4608801823426
"1815","g17","IGFBP7",27.3738929780963
"1816","g17","B2M",27.3499746591394
"1817","g17","TIMP3",26.0706810674195
"1818","g17","MYLK",25.4757554523148
"1819","g17","GSN",23.9475043660793
"1820","g17","CALD1",22.323172469703
"1821","g17","ITM2B",21.2969283061327
"1822","g17","MSMB",21.2789302963761
"1823","g17","KLK3",20.5437010979933
"1824","g17","S100A6",20.011389088413
"1825","g17","CLU",18.8658180046895
"1826","g17","SPARCL1",18.0494247841987
"1827","g17","DES",17.9292255751757
"1828","g17","HSPB1",17.4728917101247
"1829","g17","NR4A1",17.4388128325259
"1830","g17","UBA52",17.2834986405747
"1831","g17","PABPC1",16.4778749198424
"1832","g17","ADAMTS1",16.1114283529549
"1833","g17","C11orf96",15.6633433081672
"1834","g17","MGP",15.4584686870274
"1835","g17","SYNPO2",15.4041402320045
"1836","g17","A2M",15.1854119577183
"1837","g17","FOS",14.8347887102
"1838","g17","CNN1",14.7215092079089
"1839","g17","CEBPD",14.520414167287
"1840","g17","FTH1",14.4514361441067
"1841","g17","CAVIN1",14.2024527235745
"1842","g17","IFITM3",14.1106715503923
"1843","g17","FBLN1",13.7691565490742
"1844","g17","ADIRF",13.7071135926382
"1845","g17","IGFBP5",13.5795287377997
"1846","g17","PFN1",13.4827183440164
"1847","g17","JUNB",13.4337664467818
"1848","g17","FTL",13.1948581931566
"1849","g17","DCN",12.9944327296171
"1850","g17","EEF1G",12.9541797669633
"1851","g17","TNS1",12.8063283830421
"1852","g17","CCNI",12.5216359531236
"1853","g17","DDX5",12.5004151353925
"1854","g17","FN1",12.4955944946413
"1855","g17","PTMS",12.3583082331775
"1856","g17","ACPP",12.0718474204225
"1857","g17","ZFAND5",11.9143408185254
"1858","g17","SERF2",11.8769231377484
"1859","g17","LTBP4",11.707121300052
"1860","g17","FKBP5",11.4286108766119
"1861","g17","BTG2",11.426130004733
"1862","g17","CD74",11.3356415379096
"1863","g17","SQSTM1",11.2928340239441
"1864","g17","EIF4B",11.089889491969
"1865","g17","MT1E",11.0321417477831
"1866","g17","PSAP",11.0119655774096
"1867","g17","ZFP36",10.9766473898537
"1868","g17","GLUL",10.9681570286323
"1869","g17","COL6A2",10.8248280035428
"1870","g17","MYH9",10.726232353855
"1871","g17","CD99",10.6845945771342
"1872","g17","CIRBP",10.5800552439612
"1873","g17","CD81",10.5630922685491
"1874","g17","DUSP1",10.2452461005547
"1875","g17","SPARC",10.0825212524123
"1876","g17","APP",9.9134587732387
"1877","g17","COL1A2",9.8787050690246
"1878","g17","EGR1",9.81279182664908
"1879","g17","GNAS",9.81160431961368
"1880","g17","SYNM",9.76322335115479
"1881","g17","TXNIP",9.5771380019972
"1882","g17","PPP1R12B",9.46087845138874
"1883","g17","TSC22D3",9.30108346356531
"1884","g17","HNRNPA2B1",9.28243838681589
"1885","g17","NOP53",9.14314441885127
"1886","g17","CD63",9.10228077957241
"1887","g17","TIMP2",9.0922203587021
"1888","g17","AHNAK",9.08351215308334
"1889","g17","SORBS1",9.07168197429167
"1890","g17","CST3",9.0164936452192
"1891","g17","IGFBP3",8.89542010621146
"1892","g17","UQCRB",8.87755337709836
"1893","g17","CRISPLD2",8.83083084121859
"1894","g17","C1R",8.79323217910924
"1895","g17","RHOA",8.70978763318122
"1896","g17","CYB5R3",8.39157122680628
"1897","g17","AEBP1",8.26735871330436
"1898","g17","MT1X",8.15322397944074
"1899","g17","CCN2",8.07082668352442
"1900","g17","HSP90AB1",7.88234538663253
